{
  "01_overlap_default.sql": {
    "runtime_median": 2.11,
    "throughput_median": 473933.64928909956,
    "cpu_median": 3.65,
    "memory_median": 44.60755920410156
  },
  "02_overlap.sql": {
    "runtime_median": 2.51,
    "throughput_median": 398406.3745019921,
    "cpu_median": 5.09,
    "memory_median": 46.85461139678955
  },
  "03_greedy.sql": {
    "runtime_median": 11.42,
    "throughput_median": 87565.67425569177,
    "cpu_median": 29.54,
    "memory_median": 43.32823944091797
  },
  "03_reluctant.sql": {
    "runtime_median": 2.11,
    "throughput_median": 473933.64928909956,
    "cpu_median": 3.5,
    "memory_median": 43.3309211730957
  },
  "04_define.sql": {
    "runtime_median": 2.08,
    "throughput_median": 480769.23076923075,
    "cpu_median": 3.55,
    "memory_median": 39.59835338592529
  },
  "05_ONE ROW PER MATCH.sql": {
    "runtime_median": 2.08,
    "throughput_median": 480769.23076923075,
    "cpu_median": 3.54,
    "memory_median": 43.33273696899414
  },
  "06_ALL ROW PER MATCH.sql": {
    "runtime_median": 2.09,
    "throughput_median": 478468.89952153113,
    "cpu_median": 3.51,
    "memory_median": 41.890461921691895
  },
  "07_SUBSET.sql": {
    "runtime_median": 1.95,
    "throughput_median": 512820.5128205128,
    "cpu_median": 3.0,
    "memory_median": 43.328447341918945
  },
  "08_WITHIN.sql": {
    "runtime_median": null,
    "throughput_median": null,
    "cpu_median": null,
    "memory_median": null
  },
  "09_Nullwerte.sql": {
    "runtime_median": 2.08,
    "throughput_median": 480769.23076923075,
    "cpu_median": 3.43,
    "memory_median": 38.53563690185547
  }
}